id,title,description,hazard_type,location,latitude,longitude,image_file,video_file,timestamp,user_id,status,priority,alert_radius,alert_sent,alert_sent_at,verified,confidence_score,ai_analysis,verification_status,rejection_reason,scheduled_deletion,verified_by,verified_at,likes_count,comments_count,shares_count,views_count,is_local_verified
1,redbull,redbull gives you fat,abnormal_tide,"Vindhya A6, Research Street Bridge, Kothaguda, Gachibowli, Hyderabad, Serilingampalle mandal, Ranga Reddy, Telangana, 500032, India",17.445536,78.34911,captured_photo_20260523_151720.jpg,,2026-05-23 09:47:22.241296,22,active,medium,0.0,False,,False,0.475105,"3-PARAM ACCURACY: 47% | Heatmap Match: 50% | Climate Alignment: 70% | User Quality: 21% | User Quality: New user (no reports). Base credibility: 50% | Heatmap Match: Heatmap data unavailable | Climate Alignment: Abnormal tide reported. Current conditions: 37.5°C, Humidity 31% | Media Analysis: Media appears relevant to reported hazard type | Linguistic Analysis: Neutral: Standard reporting language",pending,,,,,0,0,0,2,False
2,High waves,High waves alert!!!,abnormal_tide,"Research Street Bridge, కొత్తగూడ, గచ్చిబౌలి, Hyderabad, Serilingampalle mandal, రంగారెడ్డి, Telangana, 500032, India",17.445504,78.349045,captured_photo_20260523_154127.jpg,,2026-05-23 10:11:28.590965,19,active,medium,10.0,True,2026-05-23 10:21:02.107670,True,0.475105,"3-PARAM ACCURACY: 47% | Heatmap Match: 50% | Climate Alignment: 70% | User Quality: 21% | User Quality: New user (no reports). Base credibility: 50% | Heatmap Match: Heatmap data unavailable | Climate Alignment: Abnormal tide reported. Current conditions: 37.5°C, Humidity 30% | Media Analysis: Media appears relevant to reported hazard type | Linguistic Analysis: Neutral: Standard reporting language",approved,,,1,2026-05-23 10:20:57.754203,0,0,0,2,False
3,hi,okok,tsunami,"Vindhya A6, Research Street Bridge, Kothaguda, Gachibowli, Hyderabad, Serilingampalle mandal, Ranga Reddy, Telangana, 500032, India",17.445548,78.349128,captured_photo_20260523_182004.jpg,,2026-05-23 12:50:09.643382,22,active,critical,0.0,False,,False,0.49383750000000004,"3-PARAM ACCURACY: 47% | Heatmap Match: 50% | Climate Alignment: 75% | User Quality: 18% | User Quality: Low accuracy: 0/1 reports approved (0%) | Heatmap Match: Heatmap data unavailable | Climate Alignment: Tsunami report noted. Weather: 35.7°C, Wind: 4.7km/h | Media Analysis: Image shows large wave patterns consistent with tsunami warnings | Linguistic Analysis: Neutral: Standard reporting language",pending,,,,,0,0,0,2,False
5,SOS: initial stage of haz...,[VOICE REPORT] initial stage of hazard with latitude,other,"SOS Coordinate (17.4456, 78.3491)",17.44556290327848,78.3490929974378,,,2026-05-23 13:21:38.970000,1,active,critical,0.0,False,,False,0.518883,"3-PARAM ACCURACY: 53% | Heatmap Match: 50% | Climate Alignment: 65% | User Quality: 46% | User Quality: New user (no reports). Base credibility: 95% | Heatmap Match: No active heatmap data for this hazard type in area | Climate Alignment: General hazard: Weather 33.9°C, Wind 9.6km/h, Humidity 38% | Media Analysis: No visual evidence provided | Linguistic Analysis: Neutral: Standard reporting language",pending,,,,,0,0,0,2,False
6,hdjd,hdhd,swell_surge,"Vindhya A6, Research Street Bridge, Kothaguda, Gachibowli, Hyderabad, Serilingampalle mandal, Ranga Reddy, Telangana, 500032, India",17.445548,78.349123,captured_photo_20260524_002325.jpg,,2026-05-23 18:53:26.776297,22,active,medium,10.0,True,2026-05-23 18:55:57.475252,True,0.4353375,3-PARAM ACCURACY: 42% | Heatmap Match: 50% | Climate Alignment: 60% | User Quality: 18% | User Quality: Low accuracy: 0/2 reports approved (0%) | Heatmap Match: Heatmap data unavailable | Climate Alignment: Swell report noted: Wind 10km/h | Media Analysis: Media appears relevant to reported hazard type | Linguistic Analysis: Neutral: Standard reporting language,approved,,,1,2026-05-23 18:55:53.642450,0,0,0,1,False
7,SOS: live hazard near me,[VOICE REPORT] live hazard near me,other,"SOS Coordinate (17.4455, 78.3491)",17.445529118121264,78.34914275265042,,,2026-05-23 19:00:31.209000,1,active,critical,10.0,True,2026-05-23 19:06:28.021368,True,0.5539025,"3-PARAM ACCURACY: 57% | Heatmap Match: 70% | Climate Alignment: 65% | User Quality: 38% | User Quality: Low accuracy: 0/1 reports approved (0%) | Heatmap Match: Partial heatmap match: 1 corroborating report(s) | Climate Alignment: General hazard: Weather 25°C, Wind 10km/h, Humidity 60% | Media Analysis: No visual evidence provided | Linguistic Analysis: Neutral: Standard reporting language",approved,,,1,2026-05-23 19:06:24.298645,0,0,0,1,False
8,alert,alert!!,coastal_flooding,"Vindhya A6, Research Street Bridge, కొత్తగూడ, గచ్చిబౌలి, Hyderabad, Serilingampalle mandal, రంగారెడ్డి, Telangana, 500032, India",17.445547,78.349134,captured_photo_20260524_080850.jpg,,2026-05-24 02:38:51.123396,1,active,medium,10.0,True,2026-05-24 02:39:10.309559,True,0.5568635,3-PARAM ACCURACY: 56% | Heatmap Match: 50% | Climate Alignment: 65% | User Quality: 54% | User Quality: Moderate track record: 1/2 reports approved (50%) | Heatmap Match: Heatmap data unavailable | Climate Alignment: Moderate flood risk: Humidity 62% | Media Analysis: Media appears relevant to reported hazard type | Linguistic Analysis: Neutral: Standard reporting language,approved,,,1,2026-05-24 02:39:06.257268,0,0,0,1,False
9,help,flood,coastal_flooding,"Vindhya A6, Research Street Bridge, Kothaguda, Gachibowli, Hyderabad, Serilingampalle mandal, Ranga Reddy, Telangana, 500032, India",17.445569,78.349134,captured_photo_20260524_144509.jpg,,2026-05-24 09:15:10.921798,22,active,medium,10.0,True,2026-05-24 09:15:38.647183,True,0.4498375,3-PARAM ACCURACY: 44% | Heatmap Match: 50% | Climate Alignment: 65% | User Quality: 18% | User Quality: Low accuracy: 1/3 reports approved (33%) | Heatmap Match: Heatmap data unavailable | Climate Alignment: Moderate flood risk: Humidity 25% | Media Analysis: Media appears relevant to reported hazard type | Linguistic Analysis: Neutral: Standard reporting language,approved,,,1,2026-05-24 09:15:32.570179,0,0,0,1,False
10,turt,gug,swell_surge,"Research Street Bridge, Kothaguda, Gachibowli, Hyderabad, Serilingampalle mandal, Ranga Reddy, Telangana, 500032, India",17.445378,78.349039,captured_photo_20260524_150143.jpg,,2026-05-24 09:31:45.727767,22,active,medium,10.0,True,2026-05-24 09:36:42.012078,True,0.5148725000000001,3-PARAM ACCURACY: 51% | Heatmap Match: 50% | Climate Alignment: 80% | User Quality: 25% | User Quality: Moderate track record: 2/4 reports approved (50%) | Heatmap Match: Heatmap data unavailable | Climate Alignment: Swell surge conditions: Wind 18.8km/h supports report | Media Analysis: Media appears relevant to reported hazard type | Linguistic Analysis: Neutral: Standard reporting language,approved,,,1,2026-05-24 09:36:37.094801,0,0,0,1,False
11,SOS: Emergency salad near...,[VOICE REPORT] Emergency salad near me,other,"SOS Coordinate (17.4454, 78.3490)",17.44538743017978,78.3490465248454,,,2026-05-24 09:35:35.017000,22,active,critical,0.0,False,,False,0.5193725,"3-PARAM ACCURACY: 53% | Heatmap Match: 70% | Climate Alignment: 65% | User Quality: 25% | User Quality: Moderate track record: 2/5 reports approved (40%) | Heatmap Match: Partial heatmap match: 2 corroborating report(s) | Climate Alignment: General hazard: Weather 37.8°C, Wind 18.8km/h, Humidity 25% | Media Analysis: No visual evidence provided | Linguistic Analysis: Moderate urgency: Some urgent language detected",pending,,,,,0,0,0,1,False
12,gulgul,ok,swell_surge,"Vindhya A6, Research Street Bridge, Kothaguda, Gachibowli, Hyderabad, Serilingampalle mandal, Ranga Reddy, Telangana, 500032, India",17.445565,78.349127,captured_photo_20260524_163441.jpg,,2026-05-24 11:04:44.624441,22,active,medium,10.0,True,2026-05-24 11:27:18.036822,True,0.5148725000000001,3-PARAM ACCURACY: 51% | Heatmap Match: 50% | Climate Alignment: 80% | User Quality: 25% | User Quality: Moderate track record: 3/6 reports approved (50%) | Heatmap Match: Heatmap data unavailable | Climate Alignment: Swell surge conditions: Wind 15.1km/h supports report | Media Analysis: Media appears relevant to reported hazard type | Linguistic Analysis: Neutral: Standard reporting language,approved,,,1,2026-05-24 11:27:12.937516,0,0,0,1,False
13,SOS: fire accident near m...,[VOICE REPORT] fire accident near my house,fire,"SOS Coordinate (17.4453, 78.3491)",17.44534375446404,78.34911510440129,,,2026-05-24 11:26:25.332000,1,active,critical,0.0,False,,False,0.5763342499999999,"3-PARAM ACCURACY: 60% | Heatmap Match: 50% | Climate Alignment: 65% | User Quality: 66% | User Quality: Good track record: 2/3 reports approved (66%) | Heatmap Match: No active heatmap data for this hazard type in area | Climate Alignment: General hazard: Weather 37.1°C, Wind 14.6km/h, Humidity 25% | Media Analysis: No visual evidence provided | Linguistic Analysis: Neutral: Standard reporting language",pending,,,,,0,0,0,1,False
14,floods in thub,High Alert,swell_surge,"T-hub 2.0, T hub 2.0, Inorbit Mall Road, మాదాపూర్, Ward 104 Kondapur, Greater Hyderabad Municipal Corporation West Zone, Hyderabad, Serilingampalle mandal, రంగారెడ్డి, Telangana, 500032, India",17.434054,78.379038,captured_photo_20260820_173228.jpg,,2026-08-20 12:02:29.554835,1,active,medium,10.0,True,2026-08-20 12:06:55.615483,True,0.5423635,3-PARAM ACCURACY: 54% | Heatmap Match: 50% | Climate Alignment: 60% | User Quality: 54% | User Quality: Moderate track record: 2/4 reports approved (50%) | Heatmap Match: Heatmap data unavailable | Climate Alignment: Swell report noted: Wind 14.9km/h | Media Analysis: Media appears relevant to reported hazard type | Linguistic Analysis: Neutral: Standard reporting language,approved,,,1,2026-08-20 12:06:52.580018,0,0,0,1,False
15,SOS: flats near me help m...,[VOICE REPORT] flats near me help me,other,"SOS Coordinate (17.4340, 78.3791)",17.434017136105297,78.37906216387762,,,2026-08-20 12:05:31.406000,1,active,critical,10.0,True,2026-08-20 13:33:06.806241,True,0.5418635,"3-PARAM ACCURACY: 56% | Heatmap Match: 50% | Climate Alignment: 65% | User Quality: 54% | User Quality: Moderate track record: 2/5 reports approved (40%) | Heatmap Match: No active heatmap data for this hazard type in area | Climate Alignment: General hazard: Weather 29.4°C, Wind 14.9km/h, Humidity 57% | Media Analysis: No visual evidence provided | Linguistic Analysis: Neutral: Standard reporting language",approved,,,1,2026-08-20 13:33:02.682716,0,0,0,1,False
16,floods ,alert ,coastal_flooding,"T-hub 2.0, T hub 2.0, Inorbit Mall Road, మాదాపూర్, Ward 104 Kondapur, Greater Hyderabad Municipal Corporation West Zone, Hyderabad, Serilingampalle mandal, రంగారెడ్డి, Telangana, 500032, India",17.433992,78.379022,captured_photo_20260820_190812.jpg,,2026-08-20 13:38:14.496545,1,active,medium,10.0,True,2026-08-20 13:43:14.891885,True,0.5913342500000001,3-PARAM ACCURACY: 60% | Heatmap Match: 50% | Climate Alignment: 65% | User Quality: 66% | User Quality: Good track record: 4/6 reports approved (66%) | Heatmap Match: Heatmap data unavailable | Climate Alignment: Moderate flood risk: Humidity 70% | Media Analysis: Media appears relevant to reported hazard type | Linguistic Analysis: Neutral: Standard reporting language,approved,,,1,2026-08-20 13:43:11.986060,0,0,0,1,False
17,SOS: flats near me hi ale...,[VOICE REPORT] flats near me hi alert,other,"SOS Coordinate (17.4340, 78.3790)",17.433997059623767,78.37903912613781,,,2026-08-20 13:41:19.620000,1,active,critical,0.0,False,,False,0.5998635,"3-PARAM ACCURACY: 63% | Heatmap Match: 70% | Climate Alignment: 65% | User Quality: 54% | User Quality: Moderate track record: 4/7 reports approved (57%) | Heatmap Match: Partial heatmap match: 1 corroborating report(s) | Climate Alignment: General hazard: Weather 26.7°C, Wind 9.2km/h, Humidity 70% | Media Analysis: No visual evidence provided | Linguistic Analysis: Neutral: Standard reporting language",pending,,,,,0,0,0,1,False
18,SOS: yo bro WhatsApp,[VOICE REPORT] yo bro WhatsApp,other,"SOS Coordinate (17.3906, 78.3217)",17.390585422465705,78.32172775271172,,,2026-08-21 08:27:09.181000,1,active,critical,10.0,True,2026-08-21 08:27:54.496739,True,0.5763342499999999,"3-PARAM ACCURACY: 60% | Heatmap Match: 50% | Climate Alignment: 65% | User Quality: 66% | User Quality: Good track record: 5/8 reports approved (62%) | Heatmap Match: No active heatmap data for this hazard type in area | Climate Alignment: General hazard: Weather 29.6°C, Wind 23.6km/h, Humidity 53% | Media Analysis: No visual evidence provided | Linguistic Analysis: Neutral: Standard reporting language",approved,,,1,2026-08-21 08:27:45.875039,0,0,0,1,False
19,Sludge,High Alert!,tsunami,"MGIT canteen, Treasure Island Gokarting Track, గండిపేట్, Khanapur, Gandipet mandal, రంగారెడ్డి, Telangana, 500075, India",17.390464,78.321755,captured_photo_20260821_141125.jpg,,2026-08-21 08:41:27.149812,1,active,critical,15.0,True,2026-08-21 09:16:55.265281,True,0.63533425,"3-PARAM ACCURACY: 63% | Heatmap Match: 50% | Climate Alignment: 75% | User Quality: 66% | User Quality: Good track record: 6/9 reports approved (66%) | Heatmap Match: Heatmap data unavailable | Climate Alignment: Tsunami report noted. Weather: 29.6°C, Wind: 23.4km/h | Media Analysis: Image shows large wave patterns consistent with tsunami warnings | Linguistic Analysis: Neutral: Standard reporting language",approved,,,1,2026-08-21 09:16:38.885139,0,0,0,0,False
20,SOS: floods near me,[VOICE REPORT] floods near me,storm_surge,"SOS Coordinate (17.4778, 78.3567)",17.47779639495944,78.35671441308125,,,2026-08-29 14:08:09.496000,1,active,critical,15.0,True,2026-08-29 14:09:40.293265,True,0.51833425,3-PARAM ACCURACY: 53% | Heatmap Match: 50% | Climate Alignment: 45% | User Quality: 66% | User Quality: Good track record: 7/10 reports approved (70%) | Heatmap Match: No active heatmap data for this hazard type in area | Climate Alignment: Low wind speed 13.9km/h - unexpected for storm surge | Media Analysis: No visual evidence provided | Linguistic Analysis: Neutral: Standard reporting language,approved,,,1,2026-08-29 14:09:33.871327,0,0,0,0,False
21,SOS: Tsunami near me,[VOICE REPORT] Tsunami near me,tsunami,"SOS Coordinate (17.4779, 78.3565)",17.477892904806556,78.35651787315548,,,2026-08-29 14:10:46.245000,1,active,critical,15.0,True,2026-08-29 14:11:03.377542,True,0.6053342500000001,"3-PARAM ACCURACY: 63% | Heatmap Match: 50% | Climate Alignment: 75% | User Quality: 66% | User Quality: Good track record: 8/11 reports approved (72%) | Heatmap Match: No active heatmap data for this hazard type in area | Climate Alignment: Tsunami report noted. Weather: 25.5°C, Wind: 13.9km/h | Media Analysis: No visual evidence provided | Linguistic Analysis: Neutral: Standard reporting language",approved,,,1,2026-08-29 14:10:58.454772,0,0,0,0,False
22,floods,Alert!,coastal_flooding,"Ward 104 Kondapur, Greater Hyderabad Municipal Corporation West Zone, Hyderabad, Serilingampalle mandal, రంగారెడ్డి, Telangana, 500084, India",17.477987,78.356482,captured_photo_20260829_203304.jpg,,2026-08-29 15:03:09.979085,1,active,medium,10.0,True,2026-08-29 15:03:35.409408,True,0.5913342500000001,3-PARAM ACCURACY: 60% | Heatmap Match: 50% | Climate Alignment: 65% | User Quality: 66% | User Quality: Good track record: 9/12 reports approved (75%) | Heatmap Match: Heatmap data unavailable | Climate Alignment: Moderate flood risk: Humidity 60% | Media Analysis: Media appears relevant to reported hazard type | Linguistic Analysis: Neutral: Standard reporting language,approved,,,1,2026-08-29 15:03:30.388137,0,0,0,0,False
23,flood,alert flash floods,coastal_flooding,"Ward 104 Kondapur, Greater Hyderabad Municipal Corporation West Zone, Hyderabad, Serilingampalle mandal, రంగారెడ్డి, Telangana, 500084, India",17.4779,78.356554,captured_photo_20260829_205439.jpg,,2026-08-29 15:24:41.579008,1,active,medium,0.0,False,,False,0.63483425,3-PARAM ACCURACY: 65% | Heatmap Match: 50% | Climate Alignment: 80% | User Quality: 66% | User Quality: Good track record: 10/13 reports approved (76%) | Heatmap Match: Heatmap data unavailable | Climate Alignment: Flood conditions likely: High humidity 77% detected | Media Analysis: Media appears relevant to reported hazard type | Linguistic Analysis: Neutral: Standard reporting language,pending,,,,,0,0,0,0,False
24,SOS: floods near me,[VOICE REPORT] floods near me,storm_surge,"SOS Coordinate (17.4779, 78.3566)",17.477886944600897,78.35660301270433,,,2026-08-29 15:27:00.333000,1,active,critical,0.0,False,,False,0.5763342499999999,3-PARAM ACCURACY: 60% | Heatmap Match: 70% | Climate Alignment: 45% | User Quality: 66% | User Quality: Good track record: 10/14 reports approved (71%) | Heatmap Match: Partial heatmap match: 1 corroborating report(s) | Climate Alignment: Low wind speed 13.6km/h - unexpected for storm surge | Media Analysis: No visual evidence provided | Linguistic Analysis: Neutral: Standard reporting language,pending,,,,,0,0,0,0,False
